﻿<?xml version="1.0" encoding="utf-8"?>
<SingleDeviceProfile>
  <!--ANTWare_II Single Device Profile - Created:09-Sep-15 9:18:41 AM-->
  <DeviceProfile>
    <DeviceInfo>
      <NumChannels>8</NumChannels>
    </DeviceInfo>
    <DeviceSetup />
    <ChannelProfile>
      <channelType type="ANT_Managed_Library.ANT_ReferenceLibrary+ChannelType">BASE_Master_Transmit_0x10</channelType>
      <channelTypeExt type="ANT_Managed_Library.ANT_ReferenceLibrary+ChannelTypeExtended">0</channelTypeExt>
      <networkNum type="System.Byte">0</networkNum>
      <deviceNumber type="System.UInt16">1</deviceNumber>
      <pairingOn type="System.Boolean">false</pairingOn>
      <deviceType type="System.Byte">1</deviceType>
      <transmissionType type="System.Byte">5</transmissionType>
      <msgPeriod type="System.UInt16">2048</msgPeriod>
      <radioFreq type="System.Byte">77</radioFreq>
      <chTxPower type="ANT_Managed_Library.ANT_ReferenceLibrary+TransmitPower">RADIO_TX_POWER_0DB_0x03</chTxPower>
      <searchTimeout type="System.Byte">10</searchTimeout>
      <lowPriSearchTimeout type="System.Byte">2</lowPriSearchTimeout>
    </ChannelProfile>
    <ChannelProfile>
      <channelType type="ANT_Managed_Library.ANT_ReferenceLibrary+ChannelType">BASE_Slave_Receive_0x00</channelType>
      <channelTypeExt type="ANT_Managed_Library.ANT_ReferenceLibrary+ChannelTypeExtended">0</channelTypeExt>
      <networkNum type="System.Byte">0</networkNum>
      <deviceNumber type="System.UInt16">0</deviceNumber>
      <pairingOn type="System.Boolean">false</pairingOn>
      <deviceType type="System.Byte">1</deviceType>
      <transmissionType type="System.Byte">5</transmissionType>
      <msgPeriod type="System.UInt16">2048</msgPeriod>
      <radioFreq type="System.Byte">77</radioFreq>
      <chTxPower type="ANT_Managed_Library.ANT_ReferenceLibrary+TransmitPower">RADIO_TX_POWER_0DB_0x03</chTxPower>
      <searchTimeout type="System.Byte">10</searchTimeout>
      <lowPriSearchTimeout type="System.Byte">2</lowPriSearchTimeout>
    </ChannelProfile>
    <ChannelProfile>
      <channelType type="ANT_Managed_Library.ANT_ReferenceLibrary+ChannelType">BASE_Master_Transmit_0x10</channelType>
      <channelTypeExt type="ANT_Managed_Library.ANT_ReferenceLibrary+ChannelTypeExtended">0</channelTypeExt>
      <networkNum type="System.Byte">0</networkNum>
      <deviceNumber type="System.UInt16">35</deviceNumber>
      <pairingOn type="System.Boolean">false</pairingOn>
      <deviceType type="System.Byte">1</deviceType>
      <transmissionType type="System.Byte">1</transmissionType>
      <msgPeriod type="System.UInt16">8192</msgPeriod>
      <radioFreq type="System.Byte">66</radioFreq>
      <chTxPower type="ANT_Managed_Library.ANT_ReferenceLibrary+TransmitPower">RADIO_TX_POWER_0DB_0x03</chTxPower>
      <searchTimeout type="System.Byte">10</searchTimeout>
      <lowPriSearchTimeout type="System.Byte">2</lowPriSearchTimeout>
    </ChannelProfile>
    <ChannelProfile>
      <channelType type="ANT_Managed_Library.ANT_ReferenceLibrary+ChannelType">BASE_Master_Transmit_0x10</channelType>
      <channelTypeExt type="ANT_Managed_Library.ANT_ReferenceLibrary+ChannelTypeExtended">0</channelTypeExt>
      <networkNum type="System.Byte">0</networkNum>
      <deviceNumber type="System.UInt16">36</deviceNumber>
      <pairingOn type="System.Boolean">false</pairingOn>
      <deviceType type="System.Byte">1</deviceType>
      <transmissionType type="System.Byte">1</transmissionType>
      <msgPeriod type="System.UInt16">8192</msgPeriod>
      <radioFreq type="System.Byte">66</radioFreq>
      <chTxPower type="ANT_Managed_Library.ANT_ReferenceLibrary+TransmitPower">RADIO_TX_POWER_0DB_0x03</chTxPower>
      <searchTimeout type="System.Byte">10</searchTimeout>
      <lowPriSearchTimeout type="System.Byte">2</lowPriSearchTimeout>
    </ChannelProfile>
    <ChannelProfile>
      <channelType type="ANT_Managed_Library.ANT_ReferenceLibrary+ChannelType">BASE_Master_Transmit_0x10</channelType>
      <channelTypeExt type="ANT_Managed_Library.ANT_ReferenceLibrary+ChannelTypeExtended">0</channelTypeExt>
      <networkNum type="System.Byte">0</networkNum>
      <deviceNumber type="System.UInt16">37</deviceNumber>
      <pairingOn type="System.Boolean">false</pairingOn>
      <deviceType type="System.Byte">1</deviceType>
      <transmissionType type="System.Byte">1</transmissionType>
      <msgPeriod type="System.UInt16">8192</msgPeriod>
      <radioFreq type="System.Byte">66</radioFreq>
      <chTxPower type="ANT_Managed_Library.ANT_ReferenceLibrary+TransmitPower">RADIO_TX_POWER_0DB_0x03</chTxPower>
      <searchTimeout type="System.Byte">10</searchTimeout>
      <lowPriSearchTimeout type="System.Byte">2</lowPriSearchTimeout>
    </ChannelProfile>
    <ChannelProfile>
      <channelType type="ANT_Managed_Library.ANT_ReferenceLibrary+ChannelType">BASE_Master_Transmit_0x10</channelType>
      <channelTypeExt type="ANT_Managed_Library.ANT_ReferenceLibrary+ChannelTypeExtended">0</channelTypeExt>
      <networkNum type="System.Byte">0</networkNum>
      <deviceNumber type="System.UInt16">38</deviceNumber>
      <pairingOn type="System.Boolean">false</pairingOn>
      <deviceType type="System.Byte">1</deviceType>
      <transmissionType type="System.Byte">1</transmissionType>
      <msgPeriod type="System.UInt16">8192</msgPeriod>
      <radioFreq type="System.Byte">66</radioFreq>
      <chTxPower type="ANT_Managed_Library.ANT_ReferenceLibrary+TransmitPower">RADIO_TX_POWER_0DB_0x03</chTxPower>
      <searchTimeout type="System.Byte">10</searchTimeout>
      <lowPriSearchTimeout type="System.Byte">2</lowPriSearchTimeout>
    </ChannelProfile>
    <ChannelProfile>
      <channelType type="ANT_Managed_Library.ANT_ReferenceLibrary+ChannelType">BASE_Master_Transmit_0x10</channelType>
      <channelTypeExt type="ANT_Managed_Library.ANT_ReferenceLibrary+ChannelTypeExtended">0</channelTypeExt>
      <networkNum type="System.Byte">0</networkNum>
      <deviceNumber type="System.UInt16">39</deviceNumber>
      <pairingOn type="System.Boolean">false</pairingOn>
      <deviceType type="System.Byte">1</deviceType>
      <transmissionType type="System.Byte">1</transmissionType>
      <msgPeriod type="System.UInt16">8192</msgPeriod>
      <radioFreq type="System.Byte">66</radioFreq>
      <chTxPower type="ANT_Managed_Library.ANT_ReferenceLibrary+TransmitPower">RADIO_TX_POWER_0DB_0x03</chTxPower>
      <searchTimeout type="System.Byte">10</searchTimeout>
      <lowPriSearchTimeout type="System.Byte">2</lowPriSearchTimeout>
    </ChannelProfile>
    <ChannelProfile>
      <channelType type="ANT_Managed_Library.ANT_ReferenceLibrary+ChannelType">BASE_Master_Transmit_0x10</channelType>
      <channelTypeExt type="ANT_Managed_Library.ANT_ReferenceLibrary+ChannelTypeExtended">0</channelTypeExt>
      <networkNum type="System.Byte">0</networkNum>
      <deviceNumber type="System.UInt16">40</deviceNumber>
      <pairingOn type="System.Boolean">false</pairingOn>
      <deviceType type="System.Byte">1</deviceType>
      <transmissionType type="System.Byte">1</transmissionType>
      <msgPeriod type="System.UInt16">8192</msgPeriod>
      <radioFreq type="System.Byte">66</radioFreq>
      <chTxPower type="ANT_Managed_Library.ANT_ReferenceLibrary+TransmitPower">RADIO_TX_POWER_0DB_0x03</chTxPower>
      <searchTimeout type="System.Byte">10</searchTimeout>
      <lowPriSearchTimeout type="System.Byte">2</lowPriSearchTimeout>
    </ChannelProfile>
  </DeviceProfile>
</SingleDeviceProfile>